id,post_id,type,maintype,network,pack_name,onnet_calls_baserate,onnet_calls_tax,calls_ptcl_baserate,calls_ptcl_tax,call_fnf_numbers,calls_fnf_baserate,calls_fnf_tax,offnet_calls_baserate,offnet_calls_tax,onnet_sms_baserate,onnet_sms_tax,offnet_sms_baserate,offnet_sms_tax,intl_sms_baserate,intl_sms_tax,mms_50kb,data_mb,incentives_total_min,incentives_fnf_min,incentivces_onnet_min,incentivces_offnet_min,incentivces_ptcl_min,incentivces_2g3g_min,sms_localnet,line_rent,sms_line_rent,security_deposit_nwd,security_deposit_isd,security_deposit_ir,notes,status,isms_maincategory_id,onnet_calls_2ndpulse,offnet_calls_2ndpulse,onnet_sms_2ndpulse,offnet_sms_2ndpulse,intl_sms_2ndpulse,fnf_numbers,fnf_baserate,fnf_tax,fnf_2ndpulse,calls_pulse_r,setup_calls_charges,gprs_mb,dailycharges,important_p,ussd_string,viewtype,workcode,updatenotes,mainheader,notifydomain,pkgstatus
3,1,Prepaid,Packages,Jazz,Jazz Budget,Rs.3.50/60 sec (Incl. Tax),Rs.3.50/60 sec (Incl. Tax),nan,nan,nan,nan,nan,Rs.3.50/60 sec (Incl. Tax),Rs.3.50/60 sec (Incl. Tax),2.09+tax/sms,2.5/sms,2.09+tax/sms,2.5/sms,Rs.10+tax/sms,Rs. 11.98/sms,-,nan,nan,nan,nan,nan,nan,nan,nan,nan,nan,nan,nan,nan,nan,A,nan,-,-,-,-,-,Rs. 0.60 / 30 Seconds,2.99 / 60s,Rs. 0.60 / 30 Seconds,2.99 / 60s,60,Rs. 0.15,Rs. 5/MB.,0,"Direct USSD: *301# (string is disabled effective from 9th june, 2023) Package Conversion Charges: Rs. 15 + Tax Note: 1st time package plan conversion is free",*301#,CallCenter,Description Category Area Jazz Budget - Base - Default - Information Prepaid Offers/Bundles Information Jazz Budget - Base - Default - Activation Prepaid Offers/Bundles Activation Jazz Budget - Base - Default - Complaints - General Prepaid Offers/Bundles Complaints - General Jazz Budget - Base - Default - Complaints - Incentive Issue Prepaid Offers/Bundles Complaints - Incentive Issue,nan,B2C,CC - GSM JAZZ,Active
13,3,Postpaid,Packages,Jazz,J-300,Rs.2.2/min + tax,-,Rs.2.2/min + tax,-,Rs.0.75,Rs.0.75,Rs. 0.90,Rs.2.2/min + tax,-,Rs.0.75,Rs. 0.90,0.75 + tax,2.09/min,5.00 /SMS,5.98,nan,5/MB,-,nan,4500,300,nan,15GB,4500,Rs.945.97 [Excl Tax],nan,1400,-,5000,"Social media includes Twitter, Facebook & whatsapp On-Net minutes are useable for calls to Warid Network as well Free minutes and FnF Min will not available during IR Packages are recursive in charging (monthly) and pro-ratable No CPP charges will be applied on these packages GPRS rates would be the Rs.18/MB with 64KB minimum charging unit Package is available to consumer catalogue only & not business If an FnF number is changed or added, it will take effect from the next day. If a number is deleted or replaced, it will end on the same day at 23:59, as per current scenario for all existing packages An FnF number added or updated cannot be deleted again on the same day. Delete action can only work from the next day If an FnF number ports out, the FnF discount will no longer apply to calls made to it",A,"36,773,394",nan,nan,nan,nan,nan,nan,nan,nan,nan,nan,nan,nan,nan,nan,nan,CallCenter,J 300 - Base - Default - Activation J 300 - Base - Default - Information J 300 - Base - Default - Complaints - Incentive Issue J 300 - Base - Default - Complaints - Wrong/Over Charging J 300 - Base - Default - Complaints - General,"4500 Onnet Mins 300 Offnet Mins 15 GB Data [2G, 3G, 4G] 4500 SMS @ PKR945.97 [Exc Tax]",B2C,CC - GSM JAZZ,Active
14,3,Postpaid,Packages,Jazz,J-300,Rs.2.2/min + tax,-,Rs.2.2/min + tax,-,Rs.0.75,Rs.0.75,Rs. 0.90,Rs.2.2/min + tax,-,Rs.0.75,Rs. 0.90,0.75 + tax,2.09/min,5.00 /SMS,5.98,nan,5/MB,-,nan,4500,300,nan,15GB,4500,Rs.945.97 [Excl Tax],nan,1400,-,5000,"Social media includes Twitter, Facebook & whatsapp On-Net minutes are useable for calls to Warid Network as well Free minutes and FnF Min will not available during IR Packages are recursive in charging (monthly) and pro-ratable No CPP charges will be applied on these packages GPRS rates would be the Rs.18/MB with 64KB minimum charging unit Package is available to consumer catalogue only & not business If an FnF number is changed or added, it will take effect from the next day. If a number is deleted or replaced, it will end on the same day at 23:59, as per current scenario for all existing packages An FnF number added or updated cannot be deleted again on the same day. Delete action can only work from the next day If an FnF number ports out, the FnF discount will no longer apply to calls made to it",A,"36,773,394",nan,nan,nan,nan,nan,nan,nan,nan,nan,nan,nan,nan,nan,nan,nan,CallCenter,J 300 - Base - Default - Activation J 300 - Base - Default - Information J 300 - Base - Default - Complaints - Incentive Issue J 300 - Base - Default - Complaints - Wrong/Over Charging J 300 - Base - Default - Complaints - General,"4500 Onnet Mins 300 Offnet Mins 15 GB Data [2G, 3G, 4G] 4500 SMS @ PKR945.97 [Exc Tax]",B2C,CC - GSM JAZZ,Active
22,2,Prepaid,Packages,Jazz,Champion Package,Rs 3.50/Minute Incl Tax,Rs 3.50/Minute Incl Tax,nan,nan,nan,nan,nan,Rs 3.50/Minute Incl Tax,Rs 3.50/Minute Incl Tax,Rs 2.5/SMS Incl Tax,Rs 2.5/SMS Incl Tax,Rs 2.5/SMS Incl Tax,-,Rs. 10/SMS + Tax,Rs 11.95 incl. tax,-,nan,nan,nan,nan,nan,nan,nan,nan,nan,nan,nan,nan,nan,nan,A,2456,-,-,-,-,-,-,-,-,-,Per Minute,Rs 0.15,Rs. 5/MB,-,"•    All MNP & new sales will get Jazz Champion’s by default •    Other package subscribers can migrate to Jazz Champions by dialing *337# •    Call set up fee Rs. 0.15 is applicable •    Actual internet speed will depend on multiple factors like sim, device, web pages accessed, time of day, number of simultaneous users, distance from 2G/3G/4G site etc •    If you are not subscribed to any data bundle, base rate will be charged i.e. Rs.5/MB. Charging Pulse will be 512 KB Customer can avail this bundle from our self-service channels i.e., 3111 Self-Service IVR.",*337#,CallCenter,Description Category Area Champion Package - Base - Default - Information Prepaid Offers/Bundles Information Champion Package - Base - Default - Activation Prepaid Offers/Bundles Activation Champion Package - Base - Default - Complaints - Incentive Issue Prepaid Offers/Bundles Complaints - Incentive Issue Champion Package - Base - Default - Complaints - Wrong/Over Charging Prepaid Offers/Bundles Complaints - Wrong/Over Charging Champion Package - Base - Default - Complaints - General Prepaid Offers/Bundles Complaints - General,nan,B2C,"CC - GSM JAZZ,CE Team,CP,FRA - ALL,Business centers,EC - Managers,MKT - Segments,Jazz QT",Active
28,5,Prepaid,Packages,Jazz,Jazz One,Rs.3.50 (incl.tax)  / 60 Seconds,Rs.3.50 (incl.tax)  / 60 Seconds,nan,nan,nan,nan,nan,Rs.3.50 (incl.tax)  / 60 Seconds,Rs.3.50 (incl.tax)  / 60 Seconds,Rs. 2.15+ tax/sms,2.50/sms,Rs. 2.15+tax / SMS,2.50/sms,10+tax,11.98/sms,-,nan,nan,nan,nan,nan,nan,nan,nan,nan,nan,nan,nan,nan,nan,A,nan,60 Sec,60 Sec,-,-,-,10,Rs. 0.60/30 Sec,0.72/30sec,-,-,-,Rs. 5/MB,-,"Direct USSD:  *302# (string is disabled effective from 9th june, 2023) Package Conversion Charges: Rs. 15 + tax, Rs.17.95 (inc tax) Note: 1st time package plan conversion is free UPDATE: Please note that effective 14th March 2024 11:59PM below mentioned discounted voice payg rates will NOT be available for Jazz One service class. Normal call rates mentioned above (3.50/60 sec) will be charged to the customer. Customer having main account balance less than PKR 3.65 (Call base rate + Call setup charges) will not be able to intiate the call. Voice PayG Pilot (Starting from 12th Sep- Expired: 14th March 2024 11:59PM) We are conducting a pilot on Jazz One service class for discounted voice payg rates at balance less than Rs.3.65 . Customers having balance less than Rs.3.65 will be able to generate a new payg call and be charged based below banding for available balance. Current Balance PayG Rate Call Setup Total Deduction Min Max 3.15 3.64 2.70 0.15 2.85 2.65 3.14 2.20 0.15 2.35 2.15 2.64 1.70 0.15 1.85 1.65 2.14 1.20 0.15 1.35 1.15 1.64 0.70 0.15 0.85 Important Points: This is a pilot and will only be carried out on ‘Jazz One’ service class We are currently charging customers voice payg rate @ Rs.3.5 per min (Rs. 3.65 including call setup charge) These rates will only apply on new calls. In case of low balance, on-going call will disconnect, and customer will then be able to dial a new call at discounted rate. These rates will be applicable on both on-net & off-net Min however will not be applicable below Rs. 1.15 balance Rest of the existing mechanics will remain same",*302#,CallCenter,Description Category Area Jazz One - Base - Default - Information Prepaid Offers/Bundles Information Jazz One - Base - Default - Activation Prepaid Offers/Bundles Activation Jazz One - Base - Default - Complaints - General Prepaid Offers/Bundles Complaints - General Jazz One - Base - Default - Complaints - Wrong/Over Charging Prepaid Offers/Bundles Complaints - Wrong/Over Charging,nan,B2C,"CC - GSM JAZZ,CC - CFL,CC - QA,CE VMT,FRA - ALL,Business centers,CC - GSM JAZZ,CC - GSM JAZZ,CC - GSM JAZZ",Active
36,1,Prepaid,Packages,Jazz,Jazz Budget,Rs.3.50/60 sec (Incl. Tax),Rs.3.50/60 sec (Incl. Tax),nan,nan,nan,nan,nan,Rs.3.50/60 sec (Incl. Tax),Rs.3.50/60 sec (Incl. Tax),2.09+tax/sms,2.5/sms,2.09+tax/sms,2.5/sms,Rs.10+tax/sms,Rs. 11.98/sms,-,nan,nan,nan,nan,nan,nan,nan,nan,nan,nan,nan,nan,nan,nan,A,nan,-,-,-,-,-,Rs. 0.60 / 30 Seconds,2.99 / 60s,Rs. 0.60 / 30 Seconds,2.99 / 60s,60,Rs. 0.15,Rs. 5/MB.,0,"Direct USSD: *301# (string is disabled effective from 9th june, 2023) Package Conversion Charges: Rs. 15 + Tax Note: 1st time package plan conversion is free",*301#,CallCenter,Description Category Area Jazz Budget - Base - Default - Information Prepaid Offers/Bundles Information Jazz Budget - Base - Default - Activation Prepaid Offers/Bundles Activation Jazz Budget - Base - Default - Complaints - General Prepaid Offers/Bundles Complaints - General Jazz Budget - Base - Default - Complaints - Incentive Issue Prepaid Offers/Bundles Complaints - Incentive Issue,nan,B2C,CC - GSM JAZZ,Active
44,6,Prepaid,Packages,Jazz,Jazz Easy,Rs. 3.50 (inc tax) / 60 sec,Rs. 3.50 (inc tax) / 60 sec,nan,nan,nan,nan,nan,Rs. 3.50 (inc tax) / 60 sec,Rs. 3.50 (inc tax) / 60 sec,Rs. 2.50/sms,Rs. 2.50/sms,Rs. 2.50/sms,-,Rs. 11.95 inc tax,Rs. 11.95 inc tax,-,nan,nan,nan,nan,nan,nan,nan,nan,nan,nan,nan,nan,nan,nan,A,1901,30 Sec,30 Sec,-,-,-,-,2.78 / 60 sec,Rs.3.32 / 60s,-,60sec,Rs 0.15,Rs. 5/MB,-,Package Conversion Charges: Rs. 15 Note: 1st time package plan conversion is free,*305#,CallCenter,Description Category Area Jazz Easy - Base - Default - Information Prepaid Offers/Bundles Information Jazz Easy - Base - Default - Activation Prepaid Offers/Bundles Activation Jazz Easy - Base - Default - Complaints - Wrong/Over Charging Prepaid Offers/Bundles Complaints - Wrong/Over Charging Jazz Easy - Base - Default - Complaints - General Prepaid Offers/Bundles Complaints - General Jazz Easy - Base - Default - Complaints - Incentive Issue Prepaid Offers/Bundles Complaints - Incentive Issue,nan,B2C,CC - GSM JAZZ,Active
48,6,Prepaid,Packages,Jazz,Jazz Easy,Rs. 3.50 (inc tax) / 60 sec,Rs. 3.50 (inc tax) / 60 sec,nan,nan,nan,nan,nan,Rs. 3.50 (inc tax) / 60 sec,Rs. 3.50 (inc tax) / 60 sec,Rs. 2.50/sms,Rs. 2.50/sms,Rs. 2.50/sms,-,Rs. 11.95 inc tax,Rs. 11.95 inc tax,-,nan,nan,nan,nan,nan,nan,nan,nan,nan,nan,nan,nan,nan,nan,A,1901,30 Sec,30 Sec,-,-,-,-,2.78 / 60 sec,Rs.3.32 / 60s,-,60sec,Rs 0.15,Rs. 5/MB,-,Package Conversion Charges: Rs. 15 Note: 1st time package plan conversion is free,*305#,CallCenter,Description Category Area Jazz Easy - Base - Default - Information Prepaid Offers/Bundles Information Jazz Easy - Base - Default - Activation Prepaid Offers/Bundles Activation Jazz Easy - Base - Default - Complaints - Wrong/Over Charging Prepaid Offers/Bundles Complaints - Wrong/Over Charging Jazz Easy - Base - Default - Complaints - General Prepaid Offers/Bundles Complaints - General Jazz Easy - Base - Default - Complaints - Incentive Issue Prepaid Offers/Bundles Complaints - Incentive Issue,nan,B2C,CC - GSM JAZZ,Active
52,7,Prepaid,Packages,Jazz,Champion Package II,Rs 3.50/Minute Incl Tax,Rs 3.50/Minute Incl Tax,nan,nan,nan,nan,nan,Rs 3.50/Minute Incl Tax,Rs 3.50/Minute Incl Tax,Rs 2.5/SMS,Rs 2.5/SMS,Rs 2.5/SMS,Rs 2.5/SMS,Rs 10/SMS + Tax,Rs 11.95 incl. tax,-,nan,nan,nan,nan,nan,nan,nan,nan,nan,nan,nan,nan,nan,nan,A,2456,-,-,-,-,-,-,-,-,-,Per Minute,Rs 0.15,Rs.5/MB,-,"•    All MNP & new sales will get Jazz Champion’s by default •    Other package subscribers can migrate to Jazz Champions by dialing *337# •    Call set up fee Rs. 0.15 is applicable •    Actual internet speed will depend on multiple factors like sim, device, web pages accessed, time of day, number of simultaneous users, distance from 2G/3G/4G site etc •    If you are not subscribed to any data bundle, base rate will be charged i.e. Rs.5/MB. Charging Pulse will be 512 KB",*337#,CallCenter,Description Category Area Champion Package II - Base - Default - Information Prepaid Offers/Bundles Information Champion Package II - Base - Default - Activation Prepaid Offers/Bundles Activation Champion Package II - Base - Default - Complaints - Wrong/Over Charging Prepaid Offers/Bundles Complaints - Wrong/Over Charging Champion Package II - Base - Default - Complaints - General Prepaid Offers/Bundles Complaints - General Champion Package II - Base - Default - Complaints - Incentive Issue Prepaid Offers/Bundles Complaints - Incentive Issue,nan,B2C,"CC - GSM JAZZ,CC - QA,CE Team,CE VMT,CP,ASM BSM,FRA - ALL,EC - RCCH,Business centers,EC - Managers,MKT - Segments,Jazz Q&T,Social Media,Comm Unit",Active
60,8,Prepaid,Packages,Jazz,Special Afghan SIM,Rs. 0.84,Rs. 0.90,nan,nan,nan,nan,nan,Rs. 0.84,Rs. 0.90,Rs. 1.00,-,Rs. 1.00,-,Rs. 5.00,-,nan,nan,nan,nan,nan,nan,nan,nan,nan,nan,nan,nan,nan,nan,nan,A,nan,nan,nan,nan,nan,nan,nan,nan,nan,nan,nan,nan,Rs. 3,nan,"Afghanistan Calling Rate - Rs. 4.5/15 Sec UAE, Saudia Kuwait, Qatar Calling Rate - Rs. 2/15 sec Special Afghan SIMs are now available for sale at various locations of Pakistan through our Business Centers & Franchise Centers",nan,CallCenter,nan,nan,B2C,nan,Active
68,9,Prepaid,Packages,Jazz,IDD World SIM,Rs. 2,-,nan,nan,nan,nan,nan,Rs. 2,-,Rs. 1,-,Rs. 1,-,Rs. 5,-,nan,nan,nan,nan,nan,nan,nan,nan,nan,nan,nan,nan,nan,nan,nan,A,nan,nan,nan,nan,nan,nan,nan,nan,nan,nan,nan,15 Paisa,Rs. 3,nan,nan,nan,CallCenter,nan,nan,B2C,nan,Active
84,11,Prepaid,Packages,Jazz,Glow Champion,Rs. 3.50/Minute Incl Tax,Rs. 3.50/Minute Incl Tax,nan,nan,nan,nan,nan,Rs. 3.50/Minute Incl Tax,Rs. 3.50/Minute Incl Tax,Rs. 2.5/SMS,Rs. 2.5/SMS,-,-,Rs 11.95 incl tax,Rs 11.95 incl tax,Rs.6,nan,nan,nan,nan,nan,nan,nan,nan,nan,nan,nan,nan,nan,nan,A,2456,-,-,Rs. 2.5/SMS,Rs. 2.5/SMS,Rs 11.95 incl tax,Rs. 2.99/Minute Incl Tax,Rs. 2.99/Minute Incl Tax,Rs. 2.99/Minute Incl Tax,-,Per Minute,Rs: 0.15,5/MB,-,"•    All MNP & new sales will get Jazz Champion’s by default •    Other package subscribers can migrate to Jazz Champions by dialing *337# •    Call set up fee Rs. 0.15 is applicable •    Actual internet speed will depend on multiple factors like sim, device, web pages accessed, time of day, number of simultaneous users, distance from 2G/3G/4G site etc •    If you are not subscribed to any data bundle, base rate will be charged i.e. Rs.5/MB. Charging Pulse will be 512 KB",-,CallCenter,Prepaid Package Info,nan,B2C,"CC - GSM JAZZ,CC - QA,CE Team,CE VMT,CP,ASM BSM,FRA - ALL,EC - RCCH,Business centers,EC - Managers,MKT - Segments,CE-Development,Jazz Q&T,CC: Credit & Collection,Social Media,Comm Unit",Active
92,12,Postpaid,Packages,Jazz,M-300,Rs.2.2+tax/min,-,Rs.2.2+tax/min,-,3,Rs. 0.75,0.90/min,Rs.2.2+tax/min,-,Rs. 0.75+tax,-,Rs. 0.75+tax,-,Rs. 5,Rs. 5.98/sms,nan,Rs. 2+tax,-,-,4500,300,-,15GB,4500,Rs.945.97 [Excl Tax],25,Rs.1400,-,5000,SMS Incentive: 4500 SMS,A,10057,nan,nan,nan,nan,nan,nan,nan,nan,nan,nan,nan,nan,nan,nan,nan,CallCenter,M 300 - Base - Default - Complaints - Incentive Issue M 300 - Base - Default - Complaints - Wrong/Over Charging M 300 - Base - Default - Complaints - General M 300 - Base - Default - Activation M 300 - Base - Default - Information,Revision in Security Deposit & Line Rent,B2C,CC - GSM JAZZ,Active
100,13,Postpaid,Packages,Jazz,M-400,Rs.2.2+tax/min,-,Rs.2.2+tax/min,-,3,Rs.0.75/min,Rs. 0.90/min,Rs.2.2+tax/min,-,Rs. 0.75+tax/SMS,-,Rs. 1.60/SMS,-,Rs 5,Rs. 5.98/sms,nan,Rs.2+tax/MB,-,nan,6000,450,nan,20 GB,6000,Rs.1455.33 [Excl Tax],Rs.25,Rs.2100,-,5000,nan,A,73,nan,nan,nan,nan,nan,nan,nan,nan,nan,nan,nan,nan,nan,nan,nan,CallCenter,M 400 - Base - Default - Activation M 400 - Base - Default - Information M 400 - Base - Default - Complaints - Incentive Issue M 400 - Base - Default - Complaints - General,"Revision in Incentives, Line Rent & Security Deposit",B2C,CC - GSM JAZZ,Active
108,14,Postpaid,Packages,Jazz,M-600,Rs. 1.50,1.79/min,Rs. 1.50,1.79/min,3,Rs. 0.75,0.90/min,Rs. 1.50,1.79/min,Rs. 0.75,0.90/min,Rs. 1.50,-,Rs. 5.00,Rs. 5.98/sms,nan,Rs. 2,1000,400,300,300,nan,1024 MB,300 SMS,Rs. 600+tax,Rs. 25,Rs. 1500,Rs. 1500,5000,"M600-Line Rent:Rs 600,Free FNF Min 400,Free OnNet min 300,Free OffNet min 300,Free Local SMS 300,Free data 1GB.Outgoing OnNet & OffNet Rs.1.50/min, FNF Rs.0.75min and Rs0.75/SMS.Taxes Apply",A,2165,nan,nan,nan,nan,nan,nan,nan,nan,nan,nan,nan,nan,nan,nan,nan,CallCenter,Description Category Area M 600 - Base - Default - Activation Postpaid Offers/Bundles Activation M 600 - Base - Default - Information Postpaid Offers/Bundles Information,Work Code has been added,B2C,CC - GSM JAZZ,Active
1084,15,Postpaid,Packages,Jazz,J-600,Rs.2.2/min + tax,-,Rs.2.2/min + tax,-,3,Rs.0.75,Rs. 0.90,Rs.2.2/min + tax,-,Rs.0.75,Rs. 0.90,-,Rs. 0.90,5.98/SMS,5.98/SMS,Rs.6,Rs.2,-,na,6000,450,na,20GB,6000,Rs.1637.25 [Excl Tax],nan,Rs.2400,-,5000,"On-Net minutes are useable for calls to Warid Network as well J-600 Price plan customers now have 2,000 SMS as package incentive Free minutes and FnF Min will not available during IR Packages are recursive in charging (monthly) and pro-ratable No CPP charges will be applied on these packages GPRS rates would be the Rs.18/MB with 64KB minimum charging unit Package is available to consumer catalogue only & not business If an FnF number is changed or added, it will take effect from the next day. If a number is deleted or replaced, it will end on the same day at 23:59, as per current scenario for all existing packages An FnF number added or updated cannot be deleted again on the same day. Delete action can only work from the next day If an FnF number ports out, the FnF discount will no longer apply to calls made to it Offer Mechanics: Applicable on all existing Consumer Postpaid subscribers [Jazz & Warid], New SIM Sales, Pre to Post Conversions, and Port-Ins All other mechanics of the Price-Plan remain the same",A,"7,336,783,395",nan,nan,nan,nan,nan,nan,nan,nan,nan,nan,nan,nan,nan,nan,nan,CallCenter,J 600 - Base - Default - Information,Revision in price,B2C,CC - GSM JAZZ,Active
1085,15,Postpaid,Packages,Jazz,J-600,Rs.2.2/min + tax,-,Rs.2.2/min + tax,-,3,Rs.0.75,Rs. 0.90,Rs.2.2/min + tax,-,Rs.0.75,Rs. 0.90,-,Rs. 0.90,5.98/SMS,5.98/SMS,Rs.6,Rs.2,-,na,6000,450,na,20GB,6000,Rs.1637.25 [Excl Tax],nan,Rs.2400,-,5000,"On-Net minutes are useable for calls to Warid Network as well J-600 Price plan customers now have 2,000 SMS as package incentive Free minutes and FnF Min will not available during IR Packages are recursive in charging (monthly) and pro-ratable No CPP charges will be applied on these packages GPRS rates would be the Rs.18/MB with 64KB minimum charging unit Package is available to consumer catalogue only & not business If an FnF number is changed or added, it will take effect from the next day. If a number is deleted or replaced, it will end on the same day at 23:59, as per current scenario for all existing packages An FnF number added or updated cannot be deleted again on the same day. Delete action can only work from the next day If an FnF number ports out, the FnF discount will no longer apply to calls made to it Offer Mechanics: Applicable on all existing Consumer Postpaid subscribers [Jazz & Warid], New SIM Sales, Pre to Post Conversions, and Port-Ins All other mechanics of the Price-Plan remain the same",A,"7,336,783,395",nan,nan,nan,nan,nan,nan,nan,nan,nan,nan,nan,nan,nan,nan,nan,CallCenter,J 600 - Base - Default - Information,Revision in price,B2C,CC - GSM JAZZ,Active
2083,16,Postpaid,Packages,Jazz,M-100,Rs.2.2/min + tax,-,Rs.2.2/min + tax,-,3,Rs. 0.75,0.90/min,Rs.2.2/min + tax,-,Rs. 0.75,0.90/sms,1.91/sms,-,5.98/SMS,0.98,Rs.6,Rs.2,-,-,4500,300,-,15 GB,4500,Rs.618.51 [Excl Tax],-,1200,-,5000,Package is not available for new subscriptions,A,73,nan,nan,nan,nan,nan,nan,nan,nan,nan,nan,nan,nan,nan,nan,nan,CallCenter,M 100 - Base - Default - Activation M 100 - Base - Default - Information M 100 - Base - Default - Complaints - Incentive Issue M 100 - Base - Default - Complaints - Wrong/Over Charging,"Revision in Incentives, Line Rent & Security Deposit",B2C,CC - GSM JAZZ,Active
2088,17,Postpaid,Packages,Jazz,J-999,Rs.2.2/min + tax,-,Rs.2.2/min + tax,-,3,Rs.0.75,0.90/min,Rs.2.2/min + tax,-,Rs.0.75,0.90/min,0.90/min,nan,Rs.5+tax,5.98,Rs.6,Rs.2+tax/MB,-,nan,3000 All-Net & 100 IDD,-,nan,200 GB,"20,000",Rs.2546.84 [Excl Tax],nan,3600,-,5000,"IDD Destinations: (AUS,CAN,USA,CHINA) On-Net minutes are useable for calls to Warid Network as well Difference in old M packages & new J packages is unlimited on-net minutes, rest of the details are same Free minutes and FnF Min will not available during IR Packages are recursive in charging (monthly) and pro-ratable No CPP charges will be applied on these packages GPRS rates would be the Rs.2/MB with 64KB minimum charging unit Package is available to consumer catalogue only & not business If an FnF number is changed or added, it will take effect from the next day. If a number is deleted or replaced, it will end on the same day at 23:59, as per current scenario for all existing packages An FnF number added or updated cannot be deleted again on the same day. Delete action can only work from the next day If an FnF number ports out, the FnF discount will no longer apply to calls made to it Tax on all postpaid packages are added on total amount",A,"7,333,963,679",nan,nan,nan,nan,nan,nan,nan,nan,nan,nan,nan,nan,nan,nan,nan,CallCenter,J 999 - Base - Default - Activation J 999 - Base - Default - Information J 999 - Base - Default - Complaints - Incentive Issue J 999 - Base - Default - Complaints - Wrong/Over Charging J 999 - Base - Default - Complaints - General,"IDD Destinations: (AUS,CAN,USA,CHINA)",B2C,CC - GSM JAZZ,Active
2096,18,Postpaid,Packages,Jazz,J-1500,Rs.2.2+tax/min,-,Rs.2.2+tax/min,-,3,Rs.0.75/min,0.90/min,Rs.2.2+tax/min,-,Rs. 0.75,0.90/SMS,0.90/SMS,nan,Rs. 5/ SMS,5.98,Rs.6,Rs.2+Tax,7500,Na,"7,000 Minutes and SMS",500,nan,"7GBs+7GBs (Social,WA ,FB)",7000 SMS,Rs.2401.31 [Excl Tax],nan,2500,2500,5000,"•    25% discount on line rent will be offered to new subs (Port In, Pre to Post, New Sale) for three months •    Duration of promo is at discretion of Jazz and can be changed as required •    Offer is for individual customers only •    Standard taxes apply on rates shown above •    F&F call rates apply for 3 FnF numbers only •    Sales via BVS, CYN and via favorites will be applicable for discount •    Conventional sale will not be applicable for discount •    Taxes will be apply as per provisional tax slabs",A,3781,nan,nan,nan,nan,nan,nan,nan,nan,nan,nan,nan,nan,nan,nan,nan,CallCenter,J 1500 - Base - Default - Complaints - Incentive Issue J 1500 - Base - Default - Complaints - Wrong/Over Charging J 1500 - Base - Default - Complaints - General J 1500 - Base - Default - Activation J 1500 - Base - Default - Information,Revision in Price,B2C,"CC - GSM JAZZ,CC - GSM JAZZ,CC - GSM JAZZ,CC - GSM JAZZ",Active
2106,19,Postpaid,Packages,Jazz,Ex Employee FNF,Rs. 0.75/Min,-,Rs 1.50/Min,-,Rs. 0.75/Min,Rs. 0.75/Min,-,Rs 1.50/Min,-,Rs 0.10/SMS,-,Rs 1.50/Min,Rs 1.50/Min,Rs. 5.00,Rs. 5.00,Rs. 6.50,25GB,Total 500 (On-Net + Off-Net),0,Total 500 (On-Net + Off-Net),Total 500 (On-Net + Off-Net),0,25GB,6000,500,0,0,0,5000,MPTY & MCA will be charged as per standard rate i-e Rs 50 + Tax/Month All other VAS will be Charged as per Standard Charges,A,5011,nan,nan,nan,nan,nan,nan,nan,nan,nan,nan,nan,nan,nan,nan,nan,CallCenter,Ex PMCL FnF - Base - Default - Activation Ex PMCL FnF - Base - Default - Information Ex PMCL FnF - Base - Default - Complaints - Incentive Issue Ex PMCL FnF - Base - Default - Complaints - Wrong/Over Charging Ex PMCL FnF - Base - Default - Complaints - General,SMS details updated,B2C,CC - GSM JAZZ,Active
2114,20,Postpaid,Packages,Jazz,Dealer Package,Rs. 0.50+tax,Rs. 0.50+tax,1.25/Min,1.25/Min,Rs. 0.50+tax,Rs. 0.50+tax,Rs. 0.50+tax,1.25/Min,1.25/Min,0.10/SMS,0.10/SMS,Rs. 1.51+tax,Rs. 1.51+tax,0,0,Rs. 6.50+tax,50GB,0,0,0,0,0,50GB,6000,0,0,0,0,5000,"Other Charges: MPTY = Rs 50/-, MCA = Rs 50 /-, MY Status= Rs 15/-, ICS = Rs 20 /-, Mobitunes= Rs 45/- 10GB/Rs 500 add on can be activated for exact 30 days Base rate is 0.1/MB Multiple subscriptions on official/employee add on is not applicable due to the limitation of CRM",A,nan,nan,nan,nan,nan,nan,nan,nan,nan,nan,nan,nan,nan,nan,nan,nan,CallCenter,Postpaid Package/ Incentive Info,nan,B2C,CC - GSM JAZZ,Active
2122,21,Postpaid,Packages,Jazz,Official Special,Rs 0.5/Min,Rs 0.5/Min,Rs 1.25/Min,Rs 1.25/Min,Rs 0.5/Min,Rs 0.5/Min,Rs 0.5/Min,Rs 1.25/Min,Rs 1.25/Min,Rs 0.10/SMS,Rs 0.10/SMS,Rs 0.10/SMS,Rs 0.10/SMS,Rs. 5.00,Rs. 5.00,Rs. 6.50,25GB,0,0,0,0,0,25GB,6000,0,0,0,0,5000,"Package: Official Special On-net: 0.50/min Off-net:1.25/min SMS :6000 SMS free and then 0.1/SMS Data: 25GB Other Charges: 10GB/Rs 500 add on can be activated for exact 30 days Base rate is 0.1/MB MPTY = Rs 50/-, MCA = Rs 50 /-, MY Status= Rs 15/-, ICS = Rs 20 /-, Mobitunes= Rs 45/- Multiple subscriptions on official/employee add on is not applicable due to the limitation of CRM",A,nan,nan,nan,nan,nan,nan,nan,nan,nan,nan,nan,nan,nan,nan,nan,nan,CallCenter,Description Category Area Official Special - Base - Default - Information Postpaid Offers/Bundles Information,nan,B2C,CC - GSM JAZZ,Active
2130,22,Postpaid,Packages,Jazz,Official,Rs 0.04/Min,Rs 0.04/Min,Rs 0.75/Min,Rs 0.75/Min,Rs 0.04/Min,Rs 0.04/Min,Rs 0.04/Min,Rs 0.75/Min,Rs 0.75/Min,Rs 0.10/SMS,Rs 0.10/SMS,Rs 0.10/SMS,Rs 0.10/SMS,0,0,Rs. 6.50,50GB,0,0,0,0,0,50GB,6000,0,0,0,0,5000,"MPTY = Free, MCA = Free, MY Status= Rs 15/-, ICS = Rs 20 /-, Mobitunes= Rs 45/- Overage of PKR 0/ MB ( 512 KB pulse)",A,3665,nan,nan,nan,nan,nan,nan,nan,nan,nan,nan,nan,nan,nan,nan,nan,CallCenter,Description Category Area Official - Base - Default - Activation Postpaid Offers/Bundles Activation Official - Base - Default - Information Postpaid Offers/Bundles Information Official - Base - Default - Complaints - Incentive Issue Postpaid Offers/Bundles Complaints - Incentive Issue Official - Base - Default - Complaints - General Postpaid Offers/Bundles Complaints - General,WCs are udated,B2C,",CC - GSM JAZZ",Active
2138,23,Postpaid,Packages,Jazz,Employee,Rs. 0.75/Min,-,Rs 1.50/Min,-,Rs. 0.75/Min,Rs. 0.75/Min,-,Rs 1.50/Min,-,Rs 0.10/SMS,-,Rs 0.10/SMS,Rs 0.10/SMS,Rs. 3.00,-,0,25GB,0,0,0,0,0,25GB,6000,0,0,0,0,5000,"- 10GB @Rs 500+tax Add-On can be activated for exact 30 days via JW / USSD *9872# / CRM - Customer will be shifted to PAYG rate on auto once data incentive is consumed, hence, data will not be blocked - Base rate is 0.1/MB - Multiple subscriptions on official/employee add on is not applicable due to the limitation of CRM - MPTY & MCA are not FOC and will be charged as per standard rates",A,3666,nan,nan,nan,nan,nan,nan,nan,nan,nan,nan,nan,nan,nan,nan,nan,CallCenter,Employee - Base - Default - Activation Employee - Base - Default - Information Employee - Base - Default - Complaints - Incentive Issue Employee - Base - Default - Complaints - Wrong/Over Charging Employee - Base - Default - Complaints - General,Work Code Updated,B2C,CC - GSM JAZZ,Active
2146,24,Postpaid,Packages,Jazz,Official for Testing,Rs. 0.50+tax,Rs. 0.50+tax,Rs 1.25/Min,Rs 1.25/Min,Rs. 0.50+tax,Rs. 0.50+tax,Rs. 0.50+tax,Rs 1.25/Min,Rs 1.25/Min,Rs 0.10/SMS,Rs 0.10/SMS,Rs 0.10/SMS,Rs 0.10/SMS,0,0,Rs 5+tax,25GB,0,0,0,0,0,25GB,6000,0,0,0,0,5000,MPTY & MCA are FOC,A,nan,nan,nan,nan,nan,nan,nan,nan,nan,nan,nan,nan,nan,nan,nan,nan,CallCenter,Description Category Area Official for Testing - Base - Default - Information Postpaid Offers/Bundles Information Official for Testing - Base - Default - Complaints - Incentive Issue Postpaid Offers/Bundles Complaints - Incentive Issue Official for Testing - Base - Default - Complaints - Wrong/Over Charging Postpaid Offers/Bundles Complaints - Wrong/Over Charging Official for Testing - Base - Default - Complaints - General Postpaid Offers/Bundles Complaints - General Official for Testing - Base - Default - Activation Postpaid Offers/Bundles Activation,WCs are updated,B2C,CC - GSM JAZZ,Active
2154,25,Postpaid,Packages,Jazz,Ex-Official Package (Ex-PMCL),Rs. 0.50+tax,Rs. 0.50+tax,Rs 1.25/Min,Rs 1.25/Min,Rs. 0.50+tax,Rs. 0.50+tax,Rs. 0.50+tax,Rs 1.25/Min,Rs 1.25/Min,Rs 0.10/SMS,Rs 0.10/SMS,Rs 0.10/SMS,Rs 0.10/SMS,Rs. 5.00,Rs. 5.00,Rs 5+tax,25GB,0,0,0,0,0,25GB,6000,0,0,1000,1000,5000,"Base rate is 0.10/MB Multiple subscriptions on official/employee add on is not applicable due to the limitation of CRM MCA & MPTY will not be free and it will be charged as per standard rates Other VAS and Invoice details will be charged (where applicable). Data blocking menu (Flash message) is not pushed to XPMCL subscribers on consumption of Free data. We need to guide ex-employees about data capping of 25GB and base rate of Rs.0.10/MB after free data consumption.Postpaid Package/ Incentive Info Ex PMCL package user gets all bolt on packages as normal postpaid customer can get Now minimum deposit of Rs 1,000 will be required for official to Ex PMCL package conversion and credit limit will be set as per deposit amount .",A,8703,nan,nan,nan,nan,nan,nan,nan,nan,nan,nan,nan,nan,nan,nan,nan,CallCenter,Description Category Area Ex PMCL - Base - Default - Information Postpaid Offers/Bundles Information Ex PMCL - Base - Default - Activation Postpaid Offers/Bundles Activation Ex PMCL - Base - Default - Complaints - Incentive Issue Postpaid Offers/Bundles Complaints - Incentive Issue Ex PMCL - Base - Default - Complaints - Wrong/Over Charging Postpaid Offers/Bundles Complaints - Wrong/Over Charging Ex PMCL - Base - Default - Complaints - General Postpaid Offers/Bundles Complaints - General,ISMS addition,B2C,"CC - GSM JAZZ,CC - GSM JAZZ,CC - GSM JAZZ,CC - GSM JAZZ",Active
2170,27,Postpaid,Packages,Jazz,M-Business,Rs. 1/minute,Rs. 1/minute,Rs 1.50/Min,Rs 1.50/Min,Rs. 1/minute,Rs. 1/minute,Rs. 1/minute,Rs 1.50/Min,Rs 1.50/Min,Rs. 0.20,Rs. 0.20,Rs 1.5+tax,Rs 1.5+tax,Rs. 5.00+tax,Rs. 5.00+tax,Rs 5+tax,0,100,0,60,40,0,0,0,Rs 125+tax,0,1200,1500,5000,Monthly 5% discount on bill amounts of Rs.1000 and greater,A,1146,nan,nan,nan,nan,nan,nan,nan,nan,nan,nan,nan,nan,nan,nan,nan,CallCenter,Description M Business - Base - Default - Information M Business - Base - Default - Complaints - General,WCs are updated,B2C,CC - GSM JAZZ,Active
2178,28,Postpaid,Packages,Jazz,M-Unlimited Basic,Rs. 0.3+tax,Rs. 0.3+tax,Rs 1.55+tax,Rs 1.55+tax,Rs. 0.3+tax,Rs. 0.3+tax,Rs. 0.3+tax,Rs 1.55+tax,Rs 1.55+tax,Rs. 0.20+tax,Rs. 0.20+tax,Rs 1.05+tax,Rs 1.05+tax,Rs. 5.00+tax,Rs. 5.00+tax,Rs 0.6+tax,0,5000,0,2800,1200,1000,nan,1000 On Net Only,Rs 5000+tax,Rs 25+tax,5000,5000,5000,N/A,A,288,nan,nan,nan,nan,nan,nan,nan,nan,nan,nan,nan,nan,nan,nan,nan,CallCenter,Description M Unlimited Basic - Base - Default - Activation M Unlimited Basic - Base - Default - Information M Unlimited Basic - Base - Default - Complaints - Wrong/Over Charging,WCs are updated,B2C,CC - GSM JAZZ,Active
2186,29,Postpaid,Packages,Jazz,M-Unlimited Premium,Rs 0.30+tax,Rs 0.30+tax,Rs 0.82+tax,Rs 0.82+tax,Rs 0.30+tax,Rs 0.30+tax,Rs 0.30+tax,Rs 1.55+tax,Rs 1.55+tax,Rs. 0.20+tax,Rs. 0.20+tax,Rs 0.20+tax,Rs 0.20+tax,Rs. 5.00+tax,Rs. 5.00+tax,Rs 5+tax,0,5000,-,2800,1200,1000,0,1000 On Net Only,Rs 6000+tax,Rs 25+tax,-,-,5000,N/A,A,290,nan,nan,nan,nan,nan,nan,nan,nan,nan,nan,nan,nan,nan,nan,nan,CallCenter,Description M Unlimited Premium - Base - Default - Activation M Unlimited Premium - Base - Default - Information M Unlimited Premium - Base - Default - Complaints - Wrong/Over Charging M Unlimited Premium - Base - Default - Complaints - General,WCs are updated,B2C,CC - GSM JAZZ,Active
2194,30,Prepaid,Packages,Jazz,Jazz lite,-,Rs. 1.80/30 Sec,nan,nan,nan,nan,nan,-,Rs. 1.80/30 Sec,-,Rs.2.15,-,-,10+tax / SMS,11.95/sms,Rs 6 / 50 KB,nan,nan,nan,nan,nan,nan,nan,nan,nan,nan,nan,nan,nan,nan,A,3236,Rs.3.55,Rs.3.55,-,Rs.2.15,Rs.5.98,-,Rs 0.72/30 Sec,-,-,30 sec,Rs. 0.15,nan,-,"Dial *306# for conversion to Jazz lite Conversion fee is applicable Rs 17.93 Actual internet speed will depend on multiple factors like sim, device, web pages accessed, time of day, number of simultaneous users, distance from 2G/3G/4G site, etc If you are not subscribed to any bundle, base rate will be charged i.e. Rs.5/MB. Charging Pulse will be 512 KB Call setup fees is applicable 0.15 paisa No of FnF Allowed: 20 Jazz lite service is not allowed on CVMVOICE24HRS offer",*306#,CallCenter,Description Jazz Lite (30 Sec Bundle) - Base - Default - Activation Jazz Lite (30 Sec Bundle) - Base - Default - Information Jazz Lite (30 Sec Bundle) - Base - Default - Complaints - Incentive Issue Jazz Lite (30 Sec Bundle) - Base - Default - Complaints - Wrong/Over Charging Jazz Lite (30 Sec Bundle) - Base - Default - Complaints - General,nan,B2C,"ASM BSM,FRA - ALL,FSE groups",Active
2209,32,Postpaid,Packages,Jazz,M-Initial (Discontinued),2 rs,nan,2.15,nan,0.75,nan,nan,2.15,nan,1,nan,2.15,nan,5,nan,6,18,nan,nan,nan,nan,nan,nan,2.15,25/- rs,25/- rs,2000,2500,20000,"For Information only Once package migrated from M-Initial to any other package plan cannot be reverted back. This package is discontinued already charges are without tax if any customer is on M-initial package, guide better suitable package according to usage",A,738,nan,nan,nan,nan,nan,nan,nan,nan,nan,nan,nan,nan,nan,nan,nan,CallCenter,Postpaid Package/ Incentive Info,Work Code has been added,B2C,CC - GSM JAZZ,Active
2214,33,Postpaid,Packages,Jazz,Postpaid Hybrid Bolt ONs,As per main package,As per main package,As per main package,As per main package,As per main package,As per main package,As per main package,As per main package,As per main package,As per main package,As per main package,As per main package,As per main package,As per main package,As per main package,As per main package,As per main package,As per main package,As per main package,As per main package,As per main package,As per main package,As per main package,As per main package,As per main package,As per main package,As per main package,As per main package,As per main package,"Bolt ONs Price (Excl tax) MBs All Net Minutes SMS Subscription String Validity All in One – Budget Rs. 500 4000 (2000 + 2000 Social) 200 2000 *448*1# Monthly Recursive All in One – Mega Rs.1455.34 [Excl Tax] 17000 550 5000 *448*2# Monthly Recursive All in One – Lite Rs. 200 1000 100 1000 - Monthly Recursive Terms & Conditions: All in One – Lite Bolt – On is for selected customers only [No subscription request will be catered from helpline\frontend offices] Prices are exclusive of taxes All in One – Bolt Ons are mutually exclusive [One Hybrid Bolt - On can be subscribed at one time] All in One – Bolt On can be subscribed with existing available Bolt - Ons Products are available for postpaid consumer catalogue only [commercial packages only] All in One – Budget: Social data incentive (2000 MBs) can be consumed for WhatsApp, Facebook and Twitter only Subscription string will be valid for both Jazz and Warid As currently in practice for Data and Voice Bolt ONs Jazz subscribers: New subscriptions will be charged on ‘daily pro-rated basis’ according to their bill cycle Warid subscribers: New subscriptions will be charged on ‘advance pro-rated basis’ according to their bill cycle All-net minutes are available for all local networks Multiple subscriptions for hybrid Bolt ONs are not allowed Bolt ONs will be re-subscribed on bill day Product is subject to change at any time",A,nan,nan,nan,nan,nan,nan,nan,nan,nan,nan,nan,nan,nan,nan,nan,nan,CallCenter,Work Code Postpaid Data Bolt-on Info Postpaid Data Bolt-on Complaint,nan,B2C,CC - GSM JAZZ,Active
2222,34,Postpaid,Packages,Jazz,M-999,Rs.2.2+tax/min,-,Rs.2.2+tax/min,-,Rs. 0.75/Min,-,0.90/min,Rs.2.2+tax/min,-,Rs. 0.75+tax/SMS,-,0.90+tax/sms,-,Rs. 5+tax/SMS,-,-,Rs.2+tax/MB,-,500,3000,650,-,"4 GB Data [2G, 3G, 4G]",-,Rs.2401.31 [Excl Tax],Rs. 25,Rs. 1500,Rs. 1500,5000,Free Local SMS Incentive : 1000SMS,A,2166,nan,nan,nan,nan,nan,nan,nan,nan,nan,nan,nan,nan,nan,nan,nan,CallCenter,M 999 - Base - Default - Activation M 999 - Base - Default - Information M 999 - Base - Default - Complaints - Wrong/Over Charging M 999 - Base - Default - Complaints - General,Revision in price,B2C,"CC - GSM JAZZ,CC - GSM JAZZ,CC - GSM JAZZ,CC - GSM JAZZ",Active
2230,35,Postpaid,Packages,Jazz,M-900,Rs.2.2+tax/min,-,Rs.2.2+tax/min,-,3,Rs.0.45/min,-,Rs.2.2+tax/min,-,Rs. 0.75+tax/SMS,-,1.91/sms,-,Rs. 5+tax/SMS,-,-,Rs. 2/MB,-,-,1000 All-Net Mins & 50 IDD,-,-,100 GB,10000,Rs.2183 [Excl Tax],-,Rs.3100,-,Rs 5000,"IDD Destinations: (AUS,CAN,USA,CHINA)",A,741,nan,nan,nan,nan,nan,nan,nan,nan,nan,nan,nan,nan,nan,nan,nan,CallCenter,M 900 - Base - Default - Information,"IDD Destinations: (AUS,CAN,USA,CHINA)",B2C,CC - GSM JAZZ,Active
2241,38,Postpaid,Packages,Jazz,M-1500,Rs.2.2+tax/min,-,Rs.2.2+tax/min,-,Rs.0.45+tax/min,-,-,Rs.2.2+tax/min,-,Rs. 0.50+tax/SMS,-,Rs. 1.35+tax/SMS,-,Rs. 5.00+tax,-,-,900,1500,-,1500,-,-,5GB,-,Rs.2401.31 [Excl Tax],25,2500,2500,5000,nan,A,742,nan,nan,nan,nan,nan,nan,nan,nan,nan,nan,nan,nan,nan,nan,nan,CallCenter,nan,Revision in price,B2C,"CC - GSM JAZZ,CC - GSM JAZZ,CC - GSM JAZZ,CC - GSM JAZZ",Active
2252,61,Postpaid,Packages,Jazz,Gold Basic (Gold 699),Rs.2/min + tax,-,Rs.2/min + tax,-,3,Rs.0.75+tax/min,-,Rs.2/min + tax,-,Rs.0.75+tax,-,Rs.0.75+tax,-,Rs 5+TAX,-,-,Rs.2+tax/MB,-,-,4500,300,-,15GB,4500,Rs.945.97 [Excl Tax],-,1400,-,Rs 5000,"Date: 2-July-2025 Gold Basic has been removed from Postpaid New Sale/Pre-Post Conversions as price and resources have been matched with Gold Value. Effective 2-July-2025, we will not offer Gold Basic(699) for Postpaid New Sale as well as for Pre to Post Conversion, instead, we can offer Gold Value or other available plans; 1- Gold Value 2- Gold Plus 3- Jazz Red 4- Jazz Red Z Offer Mechanics: All Price Plans are monthly recursive and pro-ratable; Maximum of 3 F&F numbers will be allowed; 4x Data Offer (For New Acquisition) will not be available for the New Price Plans. Important Points Gold Basic to Gold Classic Migration: 30k Customers on Gold Basic (PKR 750incl tax) will be migrated to Gold Classic (PKR 850 with additional 500 On Net Mins and 500 SMS) on 2nd Jun 2023. These customers have been sent a broadcast on 23rd May, the content of which is shared below: “Dear Customer, From 2-Jun-23, you will get 10GB, 3500 Onnet Min, 200 Offnet Min & 3500 SMS in only Rs.850 (Inc.Tax)/Month. Stay connected with Jazz Super 4G.” The customers calling on helpline before 1st Jun 2023 to revert their package will be excluded from Package Migration Activity. The customers calling between 1st Jun to 25th Jun 2023 will be reverted on Gold Basic on 2nd July 2023 and a credit note of PKR 100 will be posted to ensure positive customer experience The customers calling between 26th Jun to 25th July 2023 will be reverted on Gold Basic on 2nd Aug 2023 and a credit note of PKR 200 will be posted to ensure positive customer experience. Any customer requesting a package reversal after 25th July 2023 will not be entertained.",A,5156,nan,nan,nan,nan,nan,nan,nan,nan,nan,nan,nan,nan,nan,nan,nan,CallCenter,Gold 699 - Base - Default - Activation Gold 699 - Base - Default - Information Gold 699 - Base - Default - Complaints - Incentive Issue Gold 699 - Base - Default - Complaints - Wrong/Over Charging Gold 699 - Base - Default - Complaints - General,"Gold Basic has been removed from Postpaid New Sale/Pre-Post Conversions as price and resources have been matched with Gold Value. Effective 2-July-2025, we will not offer Gold Basic(699) for Postpaid New Sale as well as for Pre to Post Conversion, instead, we can offer Gold Value or other available plans; 1- Gold Value 2- Gold Plus 3- Jazz Red 4- Jazz Red Z",B2C,"ASM BSM,FRA - ALL,FSE groups",Expired
2256,60,Postpaid,Packages,Jazz,Gold Plus (Gold 1199),Rs.2.2/min + tax,-,Rs.2.2/min + tax,-,3,Rs.0.75,Rs.0.75,Rs.2.2/min + tax,-,-,0.75,-,-,-,Rs 5/sms,-,Rs.2+tax/MB,-,-,6000,400,-,20 GB data,6000 SMS,Rs.1273.42 [Excl Tax],-,Rs1900,-,Rs 5000,"Offer Mechanics: Applicable for New Sales, Pre to Post Conversions, Port-Ins and for  conversions from J & Legacy Packages by CCR from Helpline; All Price Plans are monthly recursive and pro-ratable; Maximum of 3 F&F numbers will be allowed; 4x Data Offer (For New Acquisition) will not be available for the New Price Plans. Note: Visibility for Gold Packages in SIMOSA App  is currently under development. we will update you once any response is received Waiver of Rs1600 is applicable on Pre to Post only for this package for Gold and Platinum segments",A,5157,nan,nan,nan,nan,nan,nan,nan,nan,nan,nan,nan,nan,nan,nan,nan,CallCenter,Gold 1199 - Base - Default - Activation Gold 1199 - Base - Default - Information Gold 1199 - Base - Default - Complaints - Incentive Issue Gold 1199 - Base - Default - Complaints - Wrong/Over Charging Gold 1199 - Base - Default - Complaints - General,Revision in Line Rent and Security Deposit,B2C,"CC - GSM JAZZ,CC - RTG,CC - CFL,CC - QA,DFS - Helpline",Active
2260,59,Postpaid,Packages,Jazz,Gold Ultimate (Gold 1999),Rs.2.2/min + tax,-,Rs.2.2/min + tax,-,3,Rs.0.75,Rs.0.75,Rs.2.2/min + tax,-,-,0.75,-,-,-,Rs 5/sms,-,Rs.2+tax/MB,-,-,1000 All-Net Mins & 50 IDD,-,-,100GB,"10,000",PKR.2183 [Exc Tax],-,Rs.3100,-,Rs 5000,"IDD Destinations: (AUS,CAN,USA,CHINA) Date: 6-March-2025 Gold Ultimate will not be available for New Sale via any medium (Retailer App (BVS), DPOS, website and menu *446#). However, customer can opt Gold Ultimate via Change of Package Plan as per existing Deferred Change of Package Plan process. In case customer wants to have same incentives as were offered in Gold Ultimate at the time of New Sale, we will offer Jazz Red as Jazz Red and Gold Ultimate have same incentives with same price point. Offer Mechanics: Applicable for New Sales, Pre to Post Conversions, Port-Ins and for conversions from J & Legacy Packages by CCR; All Price Plans are monthly recursive and pro-ratable; Maximum of 3 F&F numbers will be allowed; 4x Data Offer (For New Acquisition) will not be available for the New Price Plans. Note: Visibility in JW APP is Currently under development we will update you once any changes are updated. Waiver of Rs2600 is applicable on Pre to Post only for this package for Gold and Platinum segments",A,5158,nan,nan,nan,nan,nan,nan,nan,nan,nan,nan,nan,nan,nan,nan,nan,CallCenter,Gold 1999 - Base - Default - Activation Gold 1999 - Base - Default - Information Gold 1999 - Base - Default - Complaints - Incentive Issue Gold 1999 - Base - Default - Complaints - Wrong/Over Charging Gold 1999 - Base - Default - Complaints - General,"IDD Destinations: (AUS,CAN,USA,CHINA)",B2C,"CC - GSM JAZZ,CC - RTG,CC - CFL,CC - QA,DFS - Helpline",Active
2266,44,Postpaid,Packages,Jazz,W-350(DBSS Package),Rs 2.2+tax/min,-,Rs 2.2+tax/min,-,3,Rs 0.75/min,-,Rs 2.2+tax/min,-,Rs 0.75+tax,-,-,-,Rs 5+TAX/SMS,-,-,Rs.2+tax/MB,-,-,4500,300,-,15GB,4500,Rs.945.97 [Excl Tax],-,Rs.1400,-,-,Terminated Package plans to be migrated on this. Communication already shared for this. Tax to be applied as per region mentioned in CSRTB.,A,nan,nan,nan,nan,nan,nan,nan,nan,nan,nan,nan,nan,nan,nan,nan,nan,CallCenter,W350 - Base - Default - Activation W350 - Base - Default - Information W350 - Base - Default - Complaints - Wrong/Over Charging,Revision in Security Deposit & Line Rent,B2C,"CC - GSM JAZZ,CC - RTG,CC - CFL,CC - QA,DFS - Helpline",Active
2273,45,Postpaid,Packages,Jazz,W-375(DBSS Package),Rs 2.2+tax/min,-,Rs 2.2+tax/min,-,3,Rs.0.75,Rs.0.75,Rs 2.2+tax/min,-,Rs.0.75+tax,-,-,-,Rs 5+TAX,-,-,Rs.2+tax/MB,-,-,6000,400,-,20 GB,6000,Rs.1044.2 [Excl Tax],-,Rs.1600,-,5000,This Product is a BTL Package only customers with terminated packages will be migrated on it. GST will be deducted as per region of the customer defined in CSRTB,A,nan,nan,nan,nan,nan,nan,nan,nan,nan,nan,nan,nan,nan,nan,nan,nan,CallCenter,W375 - Base - Default - Activation W375 - Base - Default - Information W375 - Base - Default - Complaints - Incentive Issue W375 - Base - Default - Complaints - Wrong/Over Charging W375 - Base - Default - Complaints - General,"Revision in Incentives, Line Rent & Security Deposit",B2C,"CC - GSM JAZZ,CC - RTG,CC - CFL,CC - QA,DFS - Helpline",Active
2277,46,Postpaid,Packages,Jazz,W-699(DBSS Package),Rs 2.2+tax/min,-,Rs 2.2+tax/min,-,3,Rs.0.75,Rs.0.75,Rs 2.2+tax/min,-,Rs.0.75+tax,-,-,-,Rs 5+TAX,-,-,Rs.2+tax/MB,-,-,6000,450,-,20 GB,6000,Rs.1637.25 [Excl Tax],-,Rs.2400,-,5000,GST will be deducted as per region of the customer defined in CSRTB,A,nan,nan,nan,nan,nan,nan,nan,nan,nan,nan,nan,nan,nan,nan,nan,nan,CallCenter,W699 - Base - Default - Activation W699 - Base - Default - Information W699 - Base - Default - Complaints - Incentive Issue W699 - Base - Default - Complaints - Wrong/Over Charging W699 - Base - Default - Complaints - General,"Revision in Incentives, Line Rent & Security Deposit",B2C,"CC - GSM JAZZ,CC - RTG,CC - CFL,CC - QA,DFS - Helpline",Active
2281,47,Postpaid,Packages,Jazz,W-1025(DBSS Package),Rs 2.2+tax/min,-,Rs 2.2+tax/min,-,3,Rs.0.75,Rs.0.75,Rs 2.2+tax/min,-,Rs.0.75,-,-,-,Rs 5+TAX,-,-,Rs.2+tax/MB,-,-,1000 All-Net Mins & 50 IDD,-,-,100 GB,10000,Rs.2183 [Excl Tax],-,3100,-,-,"IDD Destinations: (AUS,CAN,USA,CHINA) GST will be deducted as per region of the customer defined in CSRTB",A,10027,nan,nan,nan,nan,nan,nan,nan,nan,nan,nan,nan,nan,nan,nan,nan,CallCenter,W1025 - Base - Default - Activation W1025 - Base - Default - Information W1025 - Base - Default - Complaints - Incentive Issue W1025 - Base - Default - Complaints - Wrong/Over Charging W1025 - Base - Default - Complaints - General,"IDD Destinations: (AUS,CAN,USA,CHINA)",B2C,"CC - GSM JAZZ,CC - RTG,CC - CFL,CC - QA,DFS - Helpline",Active
2285,48,Postpaid,Packages,Jazz,W-3375(DBSS Package),Rs.2.2/min + tax,-,Rs.2.2/min + tax,-,3,Rs.0.75/min,Rs.0.75,Rs.2.2/min + tax,-,Rs.0.75,-,-,-,Rs 5+TAX,-,-,Rs.2+tax/MB,-,-,2000,650,-,6 GBs,1000,Rs.4002.18 [Excl Tax],-,Rs5000,-,-,GST will be applied as per the Region of the customers defined in CSRTB.,A,10026,nan,nan,nan,nan,nan,nan,nan,nan,nan,nan,nan,nan,nan,nan,nan,CallCenter,W3375 - Base - Default - Activation W3375 - Base - Default - Information W3375 - Base - Default - Complaints - Incentive Issue W3375 - Base - Default - Complaints - Wrong/Over Charging W3375 - Base - Default - Complaints - General,ISMS addition,B2C,"CC - GSM JAZZ,CC - RTG,CC - CFL,CC - QA,DFS - Helpline",Active
2289,49,Postpaid,Packages,Jazz,W-5500(DBSS Package),Rs.2.2/min + tax,-,Rs.2.2/min + tax,-,3,Rs.0.75,Rs.0.75,Rs.2.2/min + tax,-,Rs.0.75,-,-,-,Rs 5+TAX,-,-,Rs.2+tax/MB,-,-,6000,700,-,12 GBs,6000,Rs.6185.19 [Excl Tax],-,Rs7500,-,-,GST will be applied with respect to the region of the customer defined in CSRTB.,A,10025,nan,nan,nan,nan,nan,nan,nan,nan,nan,nan,nan,nan,nan,nan,nan,CallCenter,W5500 - Base - Default - Activation W5500 - Base - Default - Information W5500 - Base - Default - Complaints - Incentive Issue W5500 - Base - Default - Complaints - Wrong/Over Charging W5500 - Base - Default - Complaints - General,ISMS addition,B2C,"CC - GSM JAZZ,CC - RTG,CC - CFL,CC - QA,DFS - Helpline",Active
2293,50,Postpaid,Packages,Jazz,WP1000F3-1000 CHARGEON60SEC 3FNF,Rs.2.2/min + tax,-,Rs.2.2/min + tax,-,5,Rs.0.75/min,-,Rs.2.2/min + tax,-,Rs.0.5,-,Rs 1/SMS,-,Rs 5+TAX,-,-,Rs.2+tax/MB,-,-,1000 All-Net Mins & 50 IDD,-,-,100 GB,10000,Rs.2183 [Excl Tax],-,Rs.3100,-,Rs 5000,"IDD Destinations: (AUS,CAN,USA,CHINA) GST will be applied as per the region of the customer defined in CSRTB.",A,nan,nan,nan,nan,nan,nan,nan,nan,nan,nan,nan,nan,nan,nan,nan,nan,CallCenter,WP1000 - Base - Default - Activation WP1000 - Base - Default - Information WP1000 - Base - Default - Complaints - Incentive Issue WP1000 - Base - Default - Complaints - Wrong/Over Charging WP1000 - Base - Default - Complaints - General,"IDD Destinations: (AUS,CAN,USA,CHINA)",B2C,"CC - GSM JAZZ,CC - RTG,CC - CFL,CC - QA,DFS - Helpline",Active
2305,53,Postpaid,Packages,Jazz,ZAHI1500A-ZAHI 1500 30Sec,Rs.2.2/min + tax,-,Rs.2.2/min + tax,-,5,0.2/30sec Mon-Fri; 0.2/30sec Sat-Sun,-,Rs.2.2/min + tax,-,0.5 / SMS,-,-,-,5 / SMS,-,-,2/MB,1500,-,900 Warid mins,600 Other Network mins,-,-,250 local sms,Rs.2401.31 [Excl Tax],-,3000,1500,5000,nan,A,nan,nan,nan,nan,nan,nan,nan,nan,nan,nan,nan,nan,nan,nan,nan,nan,CallCenter,CATEGORY DESCRIPTION Postpaid Offers/Bundles Zahi 1500 - Base - Default - Activation Postpaid Offers/Bundles Zahi 1500 - Base - Default - Information Postpaid Offers/Bundles Zahi 1500 - Base - Default - Complaints - Incentive Issue Postpaid Offers/Bundles Zahi 1500 - Base - Default - Complaints - Wrong/Over Charging Postpaid Offers/Bundles Zahi 1500 - Base - Default - Complaints - General,Revision in price,B2C,"CC - GSM JAZZ,CC - CFL,CC - QA,CE Team,CE VMT,CP,ASM BSM,FRA - ALL,Business centers,EC - Managers,MKT - Segments,BO - Outsource,BO - In House,Jazz Q&T,CC: Credit & Collection,Social Media,Comm Unit,CX–PTA CORRESPONDENCE TEAM,FSE groups,CC - GSM JAZZ,CC - GSM JAZZ,CC - GSM JAZZ",Active
2317,95,Prepaid,Packages,Jazz,Jazz 24 Hours / ROX,3.5/60s,3.5/60s,nan,nan,nan,nan,nan,-,3.5/60s,2.5,2.5,2.5,-,5+tax,5.98,-,nan,nan,nan,nan,nan,nan,nan,nan,nan,nan,nan,nan,nan,nan,A,nan,-,-,-,-,-,-,-,-,-,60,0.15 paisa,-,-,"Package Conversion Charges: Rs. 15 + Tax, 17.93 (inc tax) Note: 1st time package plan conversion is free",-,CallCenter,DESCRIPTION ROX Package - Base - Default - Activation ROX Package - Base - Default - Information ROX Package - Base - Default - Complaints - Wrong/Over Charging ROX Package - Base - Default - Complaints - General,nan,B2C,CC - GSM JAZZ,Active
2321,65,Postpaid,Packages,Jazz,M-675,Rs.2.2/min + tax,-,Rs.2.2/min + tax,-,3,PKR 0.75/60 Sec,-,Rs.2.2/min + tax,-,PKR 0.75/SMS,-,0.75/SMS,-,PKR 5.00/SMS,-,-,-,-,-,6000,450,-,20GB,6000,Rs.1637.25 [Excl Tax],-,Rs.2400,-,5000,Free SMS: 2000,A,"738,556",nan,nan,nan,nan,nan,nan,nan,nan,nan,nan,nan,nan,nan,nan,nan,CallCenter,M 675 - Base - Default - Activation M 675 - Base - Default - Information M 675 - Base - Default - Complaints - Incentive Issue M 675 - Base - Default - Complaints - Wrong/Over Charging M 675 - Base - Default - Complaints - General,Price and incentive Revision,B2C,"CC - GSM JAZZ,CC - CFL,CC - QA,CE Team,CE VMT,ASM BSM,FRA - ALL,Business centers,MKT - Segments,BO - Outsource,BO - In House,Jazz Q&T,CC: Credit & Collection,Social Media,Comm Unit,CX–PTA CORRESPONDENCE TEAM,FSE groups",Active
2326,62,Postpaid,Packages,Jazz,Gold Basic Max,Rs.2.2/min + tax,-,Rs.2.2/min + tax,-,3,Rs.0.75/min,-,Rs.2.2/min + tax,-,Rs.0.75,-,-,-,Rs 5+TAX,-,-,Rs.2+tax/MB,-,-,4500,300,-,15 GB,4500,Rs.945.97 [Exc Tax],-,Rs.1400,1500,Rs 5000,"Gold Basic Max Package is allowed for Package change and Pre to Post conversion Legacy Packages (M-Packages, W- Package and J-Packages) are allowed to be converted to Gold Max Packages. New Sale is not allowed on Gold-Max Packages",A,5273,nan,nan,nan,nan,nan,nan,nan,nan,nan,nan,nan,nan,nan,nan,nan,CallCenter,Work Code: Gold Basic Max - Base - Default - Activation Gold Basic Max - Base - Default - Information Gold Basic Max - Base - Default - Complaints - Incentive Issue Gold Basic Max - Base - Default - Complaints - Wrong/Over Charging Gold Basic Max - Base - Default - Complaints - General,"Revision in Incentives, Line Rent & Security Deposit",B2C,"CC - GSM JAZZ,CC - RTG,CC - CFL,CC - QA,DFS - Helpline,CE Team,CE VMT,RBH,CP,RD,ASM BSM,Business centers,EC - Managers,DIG - ALL,BO - Outsource,BO - In House,CE-Development,Jazz Q&T,CC: Credit & Collection,Social Media,Comm Unit,CX–PTA CORRESPONDENCE TEAM,FSE groups,MMBL QA,Regional Finance Business Partner,MMBL CC,SIMOSA TEAM,Sales,B2B,Sales (Regional commercial),Sales Operation Executive",Active
2327,62,Postpaid,Packages,Jazz,Gold Basic Max,Rs.2.2/min + tax,-,Rs.2.2/min + tax,-,3,Rs.0.75/min,-,Rs.2.2/min + tax,-,Rs.0.75,-,-,-,Rs 5+TAX,-,-,Rs.2+tax/MB,-,-,4500,300,-,15 GB,4500,PKR945.97 [Exc Tax],-,Rs.1400,1500,Rs 5000,"Gold Basic Max Package is allowed for Package change and Pre to Post conversion Legacy Packages (M-Packages, W- Package and J-Packages) are allowed to be converted to Gold Max Packages. New Sale is not allowed on Gold-Max Packages",A,5273,nan,nan,nan,nan,nan,nan,nan,nan,nan,nan,nan,nan,nan,nan,nan,CallCenter,Work Code: Gold Basic Max - Base - Default - Activation Gold Basic Max - Base - Default - Information Gold Basic Max - Base - Default - Complaints - Incentive Issue Gold Basic Max - Base - Default - Complaints - Wrong/Over Charging Gold Basic Max - Base - Default - Complaints - General,"Revision in Incentives, Line Rent & Security Deposit",B2C,"CC - GSM JAZZ,CC - RTG,CC - CFL,CC - QA,DFS - Helpline,CE Team,CE VMT,RBH,CP,RD,ASM BSM,Business centers,EC - Managers,DIG - ALL,BO - Outsource,BO - In House,CE-Development,Jazz Q&T,CC: Credit & Collection,Social Media,Comm Unit,CX–PTA CORRESPONDENCE TEAM,FSE groups,MMBL QA,Regional Finance Business Partner,MMBL CC,SIMOSA TEAM,Sales,B2B,Sales (Regional commercial),Sales Operation Executive",Active
2333,63,Postpaid,Packages,Jazz,Gold Plus Max,Rs.2/min + tax,-,Rs.2/min + tax,-,3,Rs.0.75+tax/min,-,Rs.2/min + tax,-,Rs.0.75,-,Rs.0.75,-,Rs 5+TAX/SMS,-,-,Rs.2+tax/MB,-,-,6000,450,-,20GB,6000 SMS,Rs.1637.25 [Excl Tax],-,Rs.2400,Rs2800,Rs 5000,"Gold Plus Max Package is allowed for Package change and Pre to Post conversion Legacy Packages (M-Packages, W- Package and J-Packages) are allowed to be converted to Gold Max Packages. New Sale is not allowed on Gold-Max Packages",A,5275,nan,nan,nan,nan,nan,nan,nan,nan,nan,nan,nan,nan,nan,nan,nan,CallCenter,Work Codes: Gold Plus Max - Base - Default - Activation Gold Plus Max - Base - Default - Information Gold Plus Max - Base - Default - Complaints - Incentive Issue Gold Plus Max - Base - Default - Complaints - Wrong/Over Charging Gold Plus Max - Base - Default - Complaints - General,Revision in Line Rent and Security Deposit,B2C,"CC - GSM JAZZ,CC - RTG,CC - CFL,CC - QA,DFS - Helpline,CE Team,CE VMT,RBH,CP,RD,ASM BSM,FRA - ALL,Business centers,EC - Managers,DIG - ALL,BO - Outsource,BO - In House,CE-Development,Jazz Q&T,CC: Credit & Collection,Social Media,Comm Unit,CX–PTA CORRESPONDENCE TEAM,FSE groups,MMBL QA,Regional Finance Business Partner,MMBL CC,SIMOSA TEAM,Sales,B2B,Sales (Regional commercial),Sales Operation Executive",Active
2337,64,Postpaid,Packages,Jazz,Gold Ultimate Max,Rs.2/min + tax,-,Rs.2/min + tax,-,3,Rs.0.75/min,-,Rs.2/min + tax,-,Rs.0.75,-,Rs.0.75,-,Rs 5+TAX,-,-,Rs.2+tax/MB,-,-,"10,000",650,-,40GB,"10,000",Rs.2401.31 [Excl Tax],-,Rs.2000,-,Rs 5000,"Gold Ultimate Max Package is allowed for Package change and Pre to Post conversion Legacy Packages (M-Packages, W- Package and J-Packages) are allowed to be converted to Gold Max Packages. New Sale is not allowed on Gold-Max Packages",A,5274,nan,nan,nan,nan,nan,nan,nan,nan,nan,nan,nan,nan,nan,nan,nan,CallCenter,Work Codes: Gold Ultimate Max - Base - Default - Activation Gold Ultimate Max - Base - Default - Information Gold Ultimate Max - Base - Default - Complaints - Incentive Issue Gold Ultimate Max - Base - Default - Complaints - Wrong/Over Charging Gold Ultimate Max - Base - Default - Complaints - General,Revision in price,B2C,"CC - GSM JAZZ,CC - RTG,CC - CFL,CC - QA,DFS - Helpline,CE Team,CE VMT,RBH,CP,RD,ASM BSM,FRA - ALL,EC - RCCH,Business centers,EC - Managers,DIG - ALL,BO - Outsource,BO - In House,CE-Development,Jazz Q&T,CC: Credit & Collection,Social Media,Comm Unit,7667 Helpline,CX–PTA CORRESPONDENCE TEAM,FSE groups,MMBL QA,Regional Finance Business Partner,MMBL CC,SIMOSA TEAM,Sales,B2B,Sales (Regional commercial),Sales Operation Executive,BIZ,CC - GSM JAZZ,CC - GSM JAZZ,CC - GSM JAZZ",Active
2341,66,Postpaid,Packages,Jazz,Postpay Economy,Rs 2.2+tax,-,Rs 2.2+tax,-,0.75+tax,-,-,Rs 2.2+tax,-,0.75+tax,-,0.75+tax,-,Rs 5+TAX/SMS,-,-,Rs.2+tax/MB,-,-,1000 All-Net Mins & 50 IDD,-,-,100 GB,10000,Rs.2183 [Excl Tax],-,3100,-,Rs 5000,"IDD Destinations: (AUS,CAN,USA,CHINA) Postpay Economy Package is allowed for Package change and Pre to Post conversion Legacy Packages (M-Packages, W- Package and J-Packages) are allowed to be converted to Postpay Economy. New Sale is not allowed on Postpay Economy Package",A,5296,nan,nan,nan,nan,nan,nan,nan,nan,nan,nan,nan,nan,nan,nan,nan,CallCenter,Postpay Economy - Base - Default - Information Postpaid Offers/Bundles Information Postpay Economy - Base - Default - Activation Postpaid Offers/Bundles Activation Postpay Economy - Base - Default - Complaints - Incentive Issue Postpaid Offers/Bundles Complaints - Incentive Issue Postpay Economy - Base - Default - Complaints - Wrong/Over Charging Postpaid Offers/Bundles Complaints - Wrong/Over Charging,"IDD Destinations: (AUS,CAN,USA,CHINA)",B2C,"CC - RTG,CC - CFL,CC - QA,DFS - Helpline,Jazz Q&T,MMBL QA,MMBL CC",Active
2345,67,Postpaid,Packages,Jazz,Postpay Starter,Rs 2.2+tax,-,Rs 2.2+tax,-,3,Rs.0.75+tax/min,-,Rs 2.2+tax,-,Rs.0.75+tax,-,Rs.0.75+tax,-,Rs 5+TAX,-,-,Rs.2+tax/MB,-,-,6000,450,-,20 GB,6000,Rs.1455.33 [Excl Tax],-,Rs.2100,-,Rs 5000,"Postpay Starter Package is allowed for Package change and Pre to Post conversion Legacy Packages (M-Packages, W- Package and J-Packages) are allowed to be converted to Postpay Starter. New Sale is not allowed on Postpay Starter Package",A,5297,nan,nan,nan,nan,nan,nan,nan,nan,nan,nan,nan,nan,nan,nan,nan,CallCenter,Description Category Area Postpay Starter - Base - Default - Information Postpaid Offers/Bundles Information Postpay Starter - Base - Default - Activation Postpaid Offers/Bundles Activation Postpay Starter - Base - Default - Complaints - Incentive Issue Postpaid Offers/Bundles Complaints - Incentive Issue Postpay Starter - Base - Default - Complaints - Wrong/Over Charging Postpaid Offers/Bundles Complaints - Wrong/Over Charging Postpay Starter - Base - Default - Complaints - General Postpaid Offers/Bundles Complaints - General,"6000 Onnet Mins 450 Offnet Mins 20 GB Data [2G, 3G, 4G] 6000 SMS @ PKR1455.33 [Exc Tax]",B2C,"CC - GSM JAZZ,CC - RTG,CC - CFL,CC - QA,DFS - Helpline,CE Team,CE VMT,RBH,CP,RD,ASM BSM,Business centers,EC - Managers,MKT - Segments,DIG - ALL,BO - Outsource,BO - In House,CE-Development,Jazz Q&T,CC: Credit & Collection,Social Media,Comm Unit,CX–PTA CORRESPONDENCE TEAM,FSE groups,MMBL QA,Regional Finance Business Partner,SIMOSA TEAM,Sales,Sales (Regional commercial),Sales Operation Executive",Active
2349,68,Postpaid,Packages,Jazz,Postpay Basic,Rs 2.2+tax,-,Rs.2.2+tax/min,-,3,Rs.0.75+tax/min,-,Rs 2.2+tax,-,Rs.0.75,-,Rs.0.75+tax,-,Rs 5+TAX,-,-,Rs.2+tax/MB,-,-,4500 On--Net Minutes,300,-,15GB,4500,Rs.945.97 [Excl Tax],-,Rs.1400,-,Rs 5000,"Postpay Basic Package is allowed for Package change and Pre to Post conversion Legacy Packages (M-Packages, W- Package and J-Packages) are allowed to be converted to Postpay Basic. New Sale is not allowed on Postpay Basic Package",A,5298,nan,nan,nan,nan,nan,nan,nan,nan,nan,nan,nan,nan,nan,nan,nan,CallCenter,Work Code Description 16354 Postpay Basic - Base - Default - Activation 16355 Postpay Basic - Base - Default - Information 16356 Postpay Basic - Base - Default - Complaints - Incentive Issue 16357 Postpay Basic - Base - Default - Complaints - Wrong/Over Charging 16358 Postpay Basic - Base - Default - Complaints - General,"Revision in Incentives, Line Rent & Security Deposit",B2C,"CC - GSM JAZZ,CC - RTG,CC - CFL,CC - QA,DFS - Helpline,CE Team,CE VMT,RBH,CP,RD,ASM BSM,FRA - ALL,Business centers,EC - Managers,MKT - Segments,DIG - ALL,BO - Outsource,BO - In House,CE-Development,Jazz Q&T,CC: Credit & Collection,Social Media,Comm Unit,CX–PTA CORRESPONDENCE TEAM,FSE groups,MMBL QA,Regional Finance Business Partner,MMBL CC,SIMOSA TEAM,Sales,Sales (Regional commercial),Sales Operation Executive,BIZ",Active
2353,69,Postpaid,Packages,Jazz,Postpay Value,Rs 2.2+tax,-,Rs 2.2+tax,-,3,Rs.0.75+tax/min,-,Rs 2.2+tax,-,Rs.0.75+tax,-,Rs.0.75+tax,-,Rs 5+TAX/SMS,-,-,Rs.2+tax/MB,-,-,6000,450,-,20GB,6000,Rs.1637.25 [Excl Tax],-,Rs.2400,-,Rs 5000,"Postpay Value Package is allowed for Package change and Pre to Post conversion Legacy Packages (M-Packages, W- Package and J-Packages) are allowed to be converted to Postpay Value. New Sale is not allowed on Postpay Value Package",A,5346,nan,nan,nan,nan,nan,nan,nan,nan,nan,nan,nan,nan,nan,nan,nan,CallCenter,Postpay Value - Base - Default - Information,Revision in price,B2C,"CC - GSM JAZZ,CC - RTG,CC - CFL,CC - QA,DFS - Helpline,CE Team,CE VMT,RBH,CP,RD,ASM BSM,FRA - ALL,Business centers,EC - Managers,MKT - Segments,MKT-VAS,DIG - ALL,BO - Outsource,BO - In House,CE-Development,Jazz Q&T,CC: Credit & Collection,Social Media,Comm Unit,CX–PTA CORRESPONDENCE TEAM,FSE groups,MMBL QA,Regional Finance Business Partner,MMBL CC,SIMOSA TEAM,Sales,B2B,Sales (Regional commercial),Sales Operation Executive,BIZ,DFS Customer Experience Team",Active
2357,70,Postpaid,Packages,Jazz,Postpay Plus,Rs 2.2+tax,-,Rs.2.2+tax/min,-,3,Rs.0.75+tax/min,-,Rs 2.2+tax,-,Rs.0.75+tax,-,Rs.0.75+tax,-,Rs 5+TAX/SMS,-,-,Rs.2+tax/MB,-,-,"10,000",1000,-,10GB,"10,000",Rs.2401.31 [Excl Tax],-,Rs3250,-,Rs 5000,"Postpay Plus Package is allowed for Package change and Pre to Post conversion Legacy Packages (M-Packages, W- Package and J-Packages) are allowed to be converted to Postpay Plus. New Sale is not allowed on Postpay Plus Package",A,5347,nan,nan,nan,nan,nan,nan,nan,nan,nan,nan,nan,nan,nan,nan,nan,CallCenter,Postpay Plus - Base - Default - Activation Postpay Plus - Base - Default - Information,Revision in price,B2C,"CC - GSM JAZZ,CC - RTG,CC - CFL,CC - QA,DFS - Helpline,CE Team,CE VMT,RBH,CP,RD,ASM BSM,FRA - ALL,EC - RCCH,Business centers,EC - Managers,MKT - Segments,MKT-VAS,DIG - ALL,BO - Outsource,BO - In House,CE-Development,Jazz Q&T,CC: Credit & Collection,Social Media,Comm Unit,7667 Helpline,CX–PTA CORRESPONDENCE TEAM,FSE groups,MMBL QA,Regional Finance Business Partner,MMBL CC,SIMOSA TEAM,Sales,B2B,Sales (Regional commercial),Sales Operation Executive,BIZ,DFS Customer Experience Team,CC - GSM JAZZ,CC - GSM JAZZ,CC - GSM JAZZ",Active
2361,71,Postpaid,Packages,Jazz,Postpay Mega,PKR 1.75/60 Sec [Exc. Tax],-,PKR 1.75/60 Sec [Exc. Tax],-,-,PKR 0.75/60 Sec [Exc. Tax],-,PKR 1.75/60 Sec [Exc. Tax],-,PKR 0.75/SMS [Exc. Tax],-,PKR 0.75/SMS [Exc. Tax],-,PKR 5/SMS [Exc. Tax],-,-,-,-,-,12500 On-net minutes,1250 Off-net minutes,-,"12.5 GB Data [2G,3G,4G]",PKR 0.75/SMS [Exc. Tax],PKR 2183 [Excl Tax],-,"Rs3,750",-,Rs5000,"Postpay Mega Line Rent Package with 12.5GB Data + 1250 Off-Net Min + 12,500 On-Net Min + 12,500 SMS for a month",A,5342,nan,nan,nan,nan,nan,nan,nan,nan,nan,nan,nan,nan,nan,nan,nan,CallCenter,Postpay Mega - Base - Default - Activation Postpay Mega - Base - Default - Information Postpay Mega - Base - Default - Complaints - Incentive Issue Postpay Mega - Base - Default - Complaints - Wrong/Over Charging Postpay Mega - Base - Default - Complaints - General,Postpay Mega - work codes addition,B2C,"CC - GSM JAZZ,CC - CFL,CC - QA,CE Team,CE VMT,FRA - ALL,Business centers,MKT - Segments,BO - Outsource,BO - In House,Jazz Q&T,CC: Credit & Collection,Social Media,Comm Unit,CX–PTA CORRESPONDENCE TEAM,FSE groups",Active
2365,72,Postpaid,Packages,Jazz,Postpay Max,PKR 1.75/60 Sec [Exc. Tax],-,PKR 1.75/60 Sec [Exc. Tax],-,-,PKR 0.75/60 Sec [Exc. Tax],-,PKR 1.75/60 Sec [Exc. Tax],-,PKR 0.75/SMS [Exc. Tax],-,PKR 0.75/SMS [Exc. Tax],-,PKR 5/SMS [Exc. Tax],-,-,-,-,-,20000 On-net minutes,2000 Off-net minutes,-,"20 GB Data [2G,3G,4G]",PKR 0.75/SMS [Exc. Tax],PKR 4366 [Excl Tax],-,"7,500",-,5000,"Package with 20GB Data + 2000 Off-Net Min + 20,000 On-Net Min + 20,000 SMS for a month, Note: IR- deposit is the minimum deposit required and not an additional requirement",A,5344,nan,nan,nan,nan,nan,nan,nan,nan,nan,nan,nan,nan,nan,nan,nan,CallCenter,Postpay Max - Base - Default - Activation Postpay Max - Base - Default - Information Postpay Max - Base - Default - Complaints - Incentive Issue Postpay Max - Base - Default - Complaints - Wrong/Over Charging Postpay Max - Base - Default - Complaints - General,Postpay Max - work codes addition,B2C,"CC - GSM JAZZ,CC - CFL,CC - QA,CE Team,CE VMT,FRA - ALL,Business centers,MKT - Segments,BO - Outsource,BO - In House,Jazz Q&T,CC: Credit & Collection,Social Media,Comm Unit,CX–PTA CORRESPONDENCE TEAM,FSE groups",Active
2369,73,Postpaid,Packages,Jazz,Postpay Ultimate,PKR 1.75/60 Sec [Exc. Tax],-,PKR 1.75/60 Sec [Exc. Tax],-,-,PKR 0.75/60 Sec [Exc. Tax],-,PKR 1.75/60 Sec [Exc. Tax],-,PKR 0.75/SMS [Exc. Tax],-,PKR 0.75/SMS [Exc. Tax],-,PKR 5/SMS [Exc. Tax],-,-,-,-,-,15000 On-net minutes,1500 Off-net minutes,-,"15 GB Data [2G,3G,4G]",PKR 0.75/SMS [Exc. Tax],PKR 2910.67 [Excl Tax],-,"5,000",-,5000,"Package with 15GB Data + 1500 Off-Net Min + 15,000 On-Net Min + 15,000 SMS for a month",A,5343,nan,nan,nan,nan,nan,nan,nan,nan,nan,nan,nan,nan,nan,nan,nan,CallCenter,Postpay Ultimate - Base - Default - Activation Postpay Ultimate - Base - Default - Information Postpay Ultimate - Base - Default - Complaints - Incentive Issue Postpay Ultimate - Base - Default - Complaints - Wrong/Over Charging Postpay Ultimate - Base - Default - Complaints - General,Postpay Ultimate - Work Codes Addition,B2C,"CC - GSM JAZZ,CC - CFL,CC - QA,CE Team,CE VMT,FRA - ALL,Business centers,MKT - Segments,BO - Outsource,BO - In House,Jazz Q&T,CC: Credit & Collection,Social Media,Comm Unit,CX–PTA CORRESPONDENCE TEAM,FSE groups",Active
2373,74,Postpaid,Packages,Jazz,Gold Value,PKR 1.75/60 Sec [Exc. Tax],-,Rs.2+tax/min,-,3,-,PKR 0.75/60 Sec [Exc. Tax],PKR 1.75/60 Sec [Exc. Tax],-,PKR 0.75/SMS [Exc. Tax],-,PKR 0.75/60 Sec [Exc. Tax],-,PKR 5/SMS [Exc. Tax],-,-,Rs.2+tax/MB,-,-,4500,300,-,15GB data,4500,Rs.945.97 [Excl Tax],-,Rs.1700,Rs.1700,Rs 5000,Note: Waiver of Rs.1700 is also allowed on this Package on Pre to Post Conversion ( Segment: Gold Only ),A,5366,nan,nan,nan,nan,nan,nan,nan,nan,nan,nan,nan,nan,nan,nan,nan,CallCenter,Gold Value - Base - Default - Activation Gold Value - Base - Default - Information Gold Value - Base - Default - Complaints - Incentive Issue Gold Value - Base - Default - Complaints - Wrong/Over Charging Gold Value - Base - Default - Complaints - General,Waiver Issuance to Gold segment only,B2C,"CC - GSM JAZZ,CC - RTG,CC - CFL,CC - QA,DFS - Helpline,CE Team,CE VMT,RBH,CP,RD,ASM BSM,FRA - ALL,Business centers,EC - Managers,MKT - Segments,MKT-VAS,DIG - ALL,BO - Outsource,BO - In House,CE-Development,Jazz Q&T,CC: Credit & Collection,Social Media,Comm Unit,CX–PTA CORRESPONDENCE TEAM,FSE groups,MMBL QA,Regional Finance Business Partner,MMBL CC,SIMOSA TEAM,Sales,B2B,Sales (Regional commercial),Sales Operation Executive,BIZ,DFS Customer Experience Team",Active
2380,75,Postpaid,Packages,Jazz,Jazz Red,2.2+tax/min,nan,2.2+tax/min,nan,3,2.2+tax/min,nan,2.2+tax/min,nan,0.75+tax/SMS,nan,0.75+tax/SMS,-,5+tax/SMS,Na,-,Rs.2+tax/MB,-,-,1000 All-Net Mins & 50 IDD,-,-,100GB,10000,Rs.2183 [Excl Tax],-,Rs.3100,-,Rs5000,"IDD Destinations: (AUS,CAN,USA,CHINA) Offer Mechanics: New sales will be charged on ‘daily pro-rated basis’ according to their bill cycle Tamasha & Discount Bazaar subscription: The package also provides free subscription to Tamasha and Discount Bazaar. About Tamasha: https://jazz.com.pk/mobile-apps/tamasha About Jazz Discount Bazaar: https://jazz.com.pk/mobile-apps/discount-bazar Free Pandapro Subscription: Customers will get Free Pandapro Subscription upon subscribing to Monthly Freedom For details visit KMS link: Jazz X Foodpanda - Free Pandapro Subscription https://cemdev.jazz.com.pk:909/SOP/Index/15789",A,5432,nan,nan,nan,nan,nan,nan,nan,nan,nan,nan,nan,nan,nan,nan,nan,CallCenter,Description Jazz Red - Base - Default - Activation Jazz Red - Base - Default - Information Jazz Red - Base - Default - Complaints - Wrong/Over Charging Jazz Red - Base - Default - Complaints - General,Revision in price and incentive,B2C,"CC - GSM JAZZ,CC - RTG,CC - CFL,CC - QA,DFS - Helpline,CE Team,CE VMT,RBH,CP,RD,ASM BSM,FRA - ALL,Business centers,EC - Managers,MKT - Segments,MKT-VAS,DIG - ALL,BO - Outsource,BO - In House,CE-Development,Jazz Q&T,CC: Credit & Collection,Social Media,Comm Unit,CX–PTA CORRESPONDENCE TEAM,FSE groups,MMBL QA,Regional Finance Business Partner,MMBL CC,SIMOSA TEAM,Sales,B2B,Sales (Regional commercial),Sales Operation Executive,BIZ,DFS Customer Experience Team",Active
2384,76,Postpaid,Packages,Jazz,Jazz Red Z,2.2+tax/min,nan,2.2+tax/min,-,-,2.2+tax/min,-,2.2+tax/min,-,Rs 0.75+tax/SMS,-,Rs 0.75+tax/SMS,-,nan,nan,nan,Rs.2+tax/MB,-,-,3000 All-Net & 100 IDD,-,-,200 GB,20000,Rs.2546.84 [Excl Tax],-,Rs.3600,-,Rs5000,"IDD Destinations: (AUS,CAN,USA,CHINA) Dear All This is to inform Jazz Red Z packages will not be available for New Sale only. Rest of the process will remian same. Guide Please handle customers accordingly. -------------------------------------------------------------------------------------------------------------------------------- Offer Mechanics: Package will be available for customers at Business Centers, Franchises and Retailers Package will be available for Existing Consumer Postpaid subscribers New SIM Sales Pre to Post Conversions Port-Ins New sales will be charged on ‘daily pro-rated basis’ according to their bill cycle All other mechanics of the Price-Plan remain the same Deffered change of Package plan is allowed on this package via helpline IR/IDD services are available on the RED Packages r Tamasha & Discount Bazaar subscription: The package also provides free subscription to Tamasha and Discount Bazaar. About Tamasha: https://jazz.com.pk/mobile-apps/tamasha About Jazz Discount Bazaar: https://jazz.com.pk/mobile-apps/discount-bazar Free Pandapro Customers will get Free Pandapro Subscription upon subscribing to Monthly Freedom For details visit KMS link: Jazz X Foodpanda - Free Pandapro Subscription https://cemdev.jazz.com.pk:909/SOP/Index/15789",A,10027,nan,nan,nan,nan,nan,nan,nan,nan,nan,nan,nan,nan,nan,nan,nan,CallCenter,Description Jazz Red Z - Base - Default - Activation Jazz Red Z - Base - Default - Information Jazz Red Z - Base - Default - Complaints - Wrong/Over Charging Jazz Red Z - Base - Default - Complaints - General,"IDD Destinations: (AUS,CAN,USA,CHINA)",B2C,"CC - GSM JAZZ,CC - RTG,CC - CFL,CC - QA,DFS - Helpline,CE Team",Active
2388,77,Postpaid,Packages,Jazz,Postpaid Gold Classic,PKR 2.2 + Tax,-,PKR 2.2 + Tax,-,-,PKR 2.2 + Tax,-,PKR 2.2 + Tax,-,0.75+tax,-,0.75+tax,-,Rs 5+TAX/SMS,-,-,-,3500 SMS,-,4500,300 Mins,-,15GBs,4500,Rs.945.97 [Excl Tax],-,Rs.1400,-,PKR 5000,"Offer Mechanics: Applicable for New Sales, Pre to Post Conversions, Port-Ins and conversions from J & Legacy Packages by CCR from Helpline; All Price Plans are monthly recursive and pro-ratable; Maximum of 3 F&F numbers will be allowed; 4x Data Offer (For New Acquisition) will not be available for the New Price Plans. Note: Visibility for Gold Packages in SIMOSA App is currently under development. we will update you once any Change is made",A,7496,nan,nan,nan,nan,nan,nan,nan,nan,nan,nan,nan,nan,nan,nan,nan,CallCenter,Description Gold Classic - Base - Default - Activation Gold Classic - Base - Default - Information Gold Classic - Base - Default - Complaints - Incentive Issue Gold Classic - Base - Default - Complaints - Wrong/Over Charging Gold Classic - Base - Default - Complaints - General,Revision in Security Deposit & Line Rent,B2C,"CC - GSM JAZZ,CC - RTG,CC - CFL,CC - QA,DFS - Helpline,CE Team,CE VMT,Jazz Q&T,MMBL QA,MMBL CC",Active
2408,80,Prepaid,Others,Jazz,Prepaid Self Service Menu - *444#,-,-,nan,nan,nan,nan,nan,-,-,-,-,-,-,-,-,-,nan,nan,nan,nan,nan,nan,nan,nan,nan,nan,nan,nan,nan,nan,A,"752,786,747,528,863,000,000,000,000,000,000,000",-,-,-,-,-,-,-,-,-,-,-,-,Menu FOC,"Prepaid Self Service Menu - *444# Prepaid consolidated Menu from where you can activated top desired bundles and services. Menu is attached for refrence. Main Menu 1: Top Offers Please refer to below tables 2: All in One Offers 3: Super 4G Data Offers 4: Super Social and SMS Offers 5: Make your own Offer Redirect to *303# 6: My Account Please refer to below tables 7: Prepaid Usage History Usage History (Calls, SMS and Data) Balance share History Recharge History 8: Jazz tunes Redirect to *230# 9: Jazz on WhatsApp 10: VAS Redirect to *6611# 11: Block on Stolen/Restoration 12: 4G Activation & Deactivation 13: International Roaming Redirect to *7626# Other Avaiable Services Personal info [Ownership Confirmation] My Package Plan and Balance Recharge Account Internet Settings Eligibility of Reactivation Offer Tax Certificate FNF List Improtant Point Please note that there may be a possible delay of ~30 minutes in displaying the Usage History.",*444#,CallCenter,Prepaid Self Service Menu - Information,nan,B2C,"FRA - ALL,FSE groups",Active
2431,96,Postpaid,Packages,Jazz,Gold Starter,Rs.2 [Exc. Tax],-,Rs.2 [Exc. Tax],-,-,Rs.0.75 [Exc. Tax],-,Rs.2 [Exc. Tax],-,Rs.0.75 [Exc. Tax],-,Rs.0.75 [Exc. Tax],-,Rs.5 [Exc. Tax],-,-,Rs.5 [Exc. Tax],-,-,4500,300,-,15GB,4500,Rs.999 [Exc. Tax],-,Rs.1100,-,Rs.5000,"Terms & Conditions: This offer is available for N ew Sale , Pre to Post conversions & MNP Existing postpaid customer cannot switch to this package plan Customers will receive upfront resources while their charging will be pro-rated There will be no price ups of the offer till 30 th Jun’2026",A,11148,nan,nan,nan,nan,nan,nan,nan,nan,nan,nan,nan,nan,nan,nan,nan,CallCenter,nan,package is also available on MNP,B2C,"CC - GSM JAZZ,CC - CFL,CC - QA,CE Team,CE VMT,FRA - ALL,Business centers,MKT - Segments,BO - Outsource,BO - In House,Jazz Q&T,CC: Credit & Collection,Social Media,Comm Unit,CX–PTA CORRESPONDENCE TEAM",Active
